"Id","User Fname","User Lname","User Age","User Contact","User Address","User Gender","Role","Action"
"50","Yoda","Queen","20","09207888630","Dona Soledad Avenue Paranaque City","Female","new","

    
        
    
    
        
    
    

"
"52","User1","apelyedo1","43","09234324563","LG 28-32 Alfaro Building146 Leviste Street Salcedo Village 1227  City Makati City","Male","rescuer","

    
        
    
    
        
    
    

"
"45","Tzuyu","Chou","20","09212112345","16 Mabolo Road Northern Hills 1475  Malabon City","Female","adopter","

    
        
    
    
        
    
    

"
"53","Steph","Curry","35","09545343454","167 Sabolo Road Hills 1475  Taguig City","Male","adopter","

    
        
    
    
        
    
    

"
"54","Kevin","Durant","36","09345674324","17 UJF Road SD 1475 Manila City","Male","veterinarian","

    
        
    
    
        
    
    

"
"44","Justine","Castaneda","20","09207888638","BLK 58 LOT 5 PH2 Taguig City","Male","admin","

    
        
    
    
        
    
    

"
"49","Happy","Pills","25","09207888678","LG 28-32 Alfaro Building146 1227 Makati City","Female","veterinarian","

    
        
    
    
        
    
    

"
"48","Bebe","Koh","22","09207888636","1700 M. Adriatico St. corner General Malvar St. Manila City","Female","rescuer","

    
        
    
    
        
    
    

"
